{"cameraMode":{"drawMode":0,"name":"Shaded","section":"Shading Mode"},"sceneLighting":false,"audioPlay":false,"sceneViewState":{"showFog":true,"showMaterialUpdate":false,"showSkybox":false,"showFlares":true,"showImageEffects":true,"showParticleSystems":true},"in2DMode":false,"pivot":{"x":-0.004788398742675781,"y":18.702322006225587,"z":2.2452268600463869},"rotation":{"x":0.0436641164124012,"y":-0.6412622928619385,"z":0.03659159317612648,"w":0.7652075290679932},"size":106.29549407958985,"orthographic":true}