{"cameraMode":{"drawMode":0,"name":"Shaded","section":"Shading Mode"},"sceneLighting":true,"audioPlay":false,"sceneViewState":{"showFog":true,"showMaterialUpdate":false,"showSkybox":true,"showFlares":true,"showImageEffects":true,"showParticleSystems":true},"in2DMode":false,"pivot":{"x":-1.1599619388580323,"y":3.7928996086120607,"z":-241.73878479003907},"rotation":{"x":0.1491847187280655,"y":0.05780964717268944,"z":-0.008738073520362378,"w":0.9870935678482056},"size":6.241723537445068,"orthographic":true}