{"cameraMode":{"drawMode":0,"name":"Shaded","section":"Shading Mode"},"sceneLighting":true,"audioPlay":false,"sceneViewState":{"showFog":true,"showMaterialUpdate":false,"showSkybox":true,"showFlares":true,"showImageEffects":true,"showParticleSystems":true},"in2DMode":false,"pivot":{"x":94.19170379638672,"y":17.118064880371095,"z":-13.41998291015625},"rotation":{"x":0.0014960793778300286,"y":0.07343360036611557,"z":-0.00011059980897698551,"w":0.9973127245903015},"size":142.45494079589845,"orthographic":true}