{"cameraMode":{"drawMode":0,"name":"Shaded","section":"Shading Mode"},"sceneLighting":true,"audioPlay":false,"sceneViewState":{"showFog":true,"showMaterialUpdate":false,"showSkybox":true,"showFlares":true,"showImageEffects":true,"showParticleSystems":true},"in2DMode":false,"pivot":{"x":889.9599609375,"y":522.0476684570313,"z":9.5367431640625e-7},"rotation":{"x":0.3010583519935608,"y":-0.0984700620174408,"z":0.03127007558941841,"w":0.9479963183403015},"size":1086.4703369140625,"orthographic":true}