{"cameraMode":{"drawMode":0,"name":"Shaded","section":"Shading Mode"},"sceneLighting":true,"audioPlay":false,"sceneViewState":{"showFog":true,"showMaterialUpdate":false,"showSkybox":true,"showFlares":true,"showImageEffects":true,"showParticleSystems":true},"in2DMode":false,"pivot":{"x":530.7169189453125,"y":228.23846435546876,"z":-121.60826110839844},"rotation":{"x":-0.03290862962603569,"y":0.07189904153347016,"z":0.002374200616031885,"w":0.9968737959861755},"size":638.9371337890625,"orthographic":true}