{"cameraMode":{"drawMode":0,"name":"Shaded","section":"Shading Mode"},"sceneLighting":true,"audioPlay":false,"sceneViewState":{"showFog":true,"showMaterialUpdate":false,"showSkybox":true,"showFlares":true,"showImageEffects":true,"showParticleSystems":true},"in2DMode":false,"pivot":{"x":497.0,"y":235.17471313476563,"z":-0.000019073486328125},"rotation":{"x":0.022494109347462655,"y":-0.01949412189424038,"z":0.00043942511547356844,"w":0.9995648860931397},"size":1252.4085693359375,"orthographic":true}